,MAE,MSE,R2
all,0.8378157615661621,1.270066738128662,0.9239584757760086
train,1.4569746255874634,3.3286330699920654,0.7852024009722868
test,0.9917367100715637,1.5298269987106323,0.7899647680379909
