,MAE,MSE,R2
all,0.820198,1.2496043,0.9541839051401052
train,0.9001856,1.4948099,0.9528205403600691
test,0.9781933,1.3245194,0.5493378808490654
