,MAE,MSE,R2
all,0.62354857,0.5663252,0.9310683550322563
train,0.67550594,0.6654105,0.8865199975462441
test,0.70870364,0.76869476,0.7614939956213188
