,MAE,MSE,R2
all,0.9800346,1.403665,0.917354425443824
train,0.9755873,1.6761596,0.91151793663232
test,0.5904641,0.5090314,0.9049937527995555
