,MAE,MSE,R2
all,0.8049006,1.4552133,0.9143193385162643
train,0.8447113,1.663941,0.9121629507533527
test,0.5511811,0.47875944,0.9106437612719203
