,MAE,MSE,R2
all,0.30267116,0.15632768,0.9809721972704086
train,0.3163284,0.16594155,0.971700106271544
test,0.850533,0.82044244,0.7454380566199597
