,MAE,MSE,R2
all,1.8185335,5.04527,0.8093613392754018
train,1.7910963,4.9923444,0.830865677424797
test,1.181208,1.9294263,0.85028978015583
