,MAE,MSE,R2
all,0.768153190612793,1.1944137811660767,0.9284879850357187
train,1.1131577491760254,2.0121772289276123,0.8701536487830608
test,0.6865060329437256,0.711075484752655,0.902373986481648
