,MAE,MSE,R2
all,0.3965981,0.3350102,0.9592234213271178
train,0.4019622,0.35208625,0.9399547359581153
test,0.44413412,0.33786297,0.8951699108652276
