,MAE,MSE,R2
all,0.8136863708496094,1.076249361038208,0.9345809448457494
train,0.7750788927078247,0.8532490730285645,0.9483032843526292
test,0.7396647930145264,0.8461859822273254,0.9435034225285617
