,MAE,MSE,R2
all,0.35404286,0.3341095,0.9553353349206939
train,0.4009686,0.42971855,0.94970006611544
test,0.4176221,0.3756021,0.29943331743571244
