,MAE,MSE,R2
all,0.25942126,0.16326305,0.9781745477271017
train,0.37803173,0.25130826,0.9705835605022175
test,0.40963697,0.30234724,0.43606702724112856
