,MAE,MSE,R2
all,0.3404461145401001,0.1794692575931549,0.9907828705832185
train,0.3805782198905945,0.2005143016576767,0.9910466098822425
test,0.344595730304718,0.17954812943935394,0.9614887223704012
