,MAE,MSE,R2
all,1.1035058,1.9224513,0.8484818703195149
train,0.9544771,1.6140388,0.8774086385230221
test,0.683508,0.7289287,0.9303531123748485
