,MAE,MSE,R2
all,0.31249815,0.23098074,0.9718856179771568
train,0.3410891,0.2531213,0.9568323636440041
test,0.45277953,0.30359954,0.9058009669524959
