,MAE,MSE,R2
all,0.4329216182231903,0.6012802720069885,0.9691196232568656
train,0.485521137714386,0.7169826030731201,0.9679852025199606
test,0.6191592812538147,0.7156309485435486,0.8465043205966007
