,MAE,MSE,R2
all,0.37816083,0.32895628,0.9599602863374648
train,0.40626177,0.34921014,0.9404452326643487
test,0.48946992,0.4088311,0.8731503364214983
