,MAE,MSE,R2
all,0.8642252,2.1478233,0.9188431591295595
train,0.90902907,2.4924636,0.9155584825083428
test,0.9393171,1.1503758,0.910738743611542
