,MAE,MSE,R2
all,0.5237380266189575,0.47056978940963745,0.9713967471921343
train,0.46298477053642273,0.34045490622520447,0.9793724959802552
test,0.5041194558143616,0.44866853952407837,0.9700441283298609
