,MAE,MSE,R2
all,0.25215986,0.14404698,0.9807434086074764
train,0.3561551,0.21644479,0.9746644410453674
test,0.42599842,0.30327705,0.4343328290336659
