,MAE,MSE,R2
all,0.81859505,1.4807492,0.8996680291175296
train,0.85087246,1.6362239,0.8941390819469104
test,0.42092028,0.29004666,0.9723202197990465
