,MAE,MSE,R2
all,0.5447100400924683,0.4889623820781708,0.9707248118352064
train,0.9381837844848633,1.1684226989746094,0.9246013784891021
test,0.5992127656936646,0.5354433059692383,0.9264871418601649
