,MAE,MSE,R2
all,0.48922336,0.39690384,0.977958501523668
train,0.5150317,0.4812999,0.9745981894695722
test,0.26767832,0.14328761,0.9885026429047769
