,MAE,MSE,R2
all,0.5367556,0.5792289,0.9787628739737599
train,0.6949563,0.8815673,0.9721758125314391
test,0.53745735,0.43427408,0.8522400868380031
