,MAE,MSE,R2
all,0.8731608,1.1543325,0.9563828288837416
train,0.8977754,1.2192278,0.9586940988355882
test,0.69521165,0.65033305,0.9495386269557702
