,MAE,MSE,R2
all,0.7411661,1.1732342,0.9569839735787555
train,0.8902968,1.570087,0.9504446282790414
test,1.0204943,1.4539309,0.5053061958871228
