,MAE,MSE,R2
all,0.7653288841247559,1.2534823417663574,0.9238079625997875
train,0.8030930161476135,1.1581372022628784,0.9298307094054292
test,0.9912063479423523,2.1198532581329346,0.8584655774932636
