,MAE,MSE,R2
all,1.0890057,2.466873,0.8547544184000431
train,1.136038,2.9720826,0.8431080380975309
test,0.5064579,0.41168484,0.9231626346790932
