,MAE,MSE,R2
all,0.5396559,0.5871963,0.9784707504347226
train,0.6483936,0.8503474,0.9731611824026758
test,0.75664353,0.7724115,0.7371902589132631
