,MAE,MSE,R2
all,1.3022839,2.5794585,0.7966998138768788
train,1.0393913,2.090688,0.8412056119584902
test,0.94167215,1.2412097,0.8814062310055185
