,MAE,MSE,R2
all,1.1202168,1.8797977,0.8893204764167627
train,1.118509,2.1887448,0.8844593006193368
test,0.8453083,0.9297784,0.8264650306186045
