,MAE,MSE,R2
all,0.6577533483505249,1.0842442512512207,0.9340949803615844
train,0.6723893284797668,0.9208541512489319,0.9442072324825496
test,0.6858345866203308,1.8316638469696045,0.8777068677749366
