,MAE,MSE,R2
all,1.0182027,1.8962713,0.9283482076543821
train,1.1082021,2.2452548,0.9239336016141949
test,1.0143362,1.414318,0.8902586483465019
