,MAE,MSE,R2
all,0.3498390316963196,0.2190874218940735,0.9866829254124918
train,0.3445117175579071,0.2111058086156845,0.9872095072645091
test,0.3932802677154541,0.3390110433101654,0.9773655384743555
