,MAE,MSE,R2
all,0.4963624179363251,0.8767080307006836,0.9549742840339094
train,0.5004794001579285,0.9216752648353577,0.9588452394243652
test,0.5792347192764282,0.5372772812843323,0.8847593936604308
