,MAE,MSE,R2
all,0.8840636,1.3857902,0.9230420759310949
train,0.92197067,1.4202578,0.925042340438545
test,0.6177073,0.69331384,0.9443686926946678
