,MAE,MSE,R2
all,0.25605133,0.15218599,0.979655362342404
train,0.28746554,0.17156723,0.9799175053157185
test,0.54855704,0.3585646,0.33121140360232637
