,MAE,MSE,R2
all,0.8840829,1.8120216,0.8933110342860032
train,0.95363486,2.2100194,0.8833362594793637
test,1.1674699,2.062602,0.6150334215011112
