,MAE,MSE,R2
all,0.5188300013542175,0.39414840936660767,0.979757441592251
train,0.5779068470001221,0.4231923222541809,0.9811035630734034
test,0.6245406270027161,0.49778538942337036,0.8932300060695486
