,MAE,MSE,R2
all,0.294355,0.13835824,0.9831593911746749
train,0.2733912,0.12669009,0.9783941061858961
test,0.21696933,0.08457413,0.9737588461940087
