,MAE,MSE,R2
all,0.36485294,0.35064313,0.953125070129767
train,0.4170887,0.40561593,0.9525213523302395
test,0.43660387,0.34033147,0.3652195434034945
