,MAE,MSE,R2
all,0.81024826,1.0002681,0.9322242659652666
train,0.80863875,1.0692648,0.9308203803013488
test,0.49519473,0.37942404,0.9637907430974929
