,MAE,MSE,R2
all,0.6415357,0.7044062,0.9741733089513326
train,0.6701532,0.77864254,0.975424343147239
test,0.4609364,0.29905272,0.8982485832487632
