,MAE,MSE,R2
all,0.61453986,0.98543024,0.9452755149270556
train,0.6365075,1.1045039,0.9417070431376372
test,0.64875716,0.60558695,0.9514078785943838
