,MAE,MSE,R2
all,1.4366165,3.0885046,0.8832989348422763
train,1.5224673,3.6479282,0.8764128062818614
test,1.6143819,3.78553,0.7062688895756514
