,MAE,MSE,R2
all,1.7263463735580444,5.123424053192139,0.6885762908723654
train,1.8229080438613892,5.553611755371094,0.6635174147355769
test,2.4058353900909424,6.955483913421631,0.5356091288485963
