,MAE,MSE,R2
all,0.6249048113822937,0.7420188188552856,0.9618916129793397
train,0.6291220188140869,0.7982359528541565,0.964357070430936
test,0.579400897026062,0.5338031053543091,0.8855045710053923
