,MAE,MSE,R2
all,1.0293409,2.0761967,0.9238773197808506
train,1.1358027,2.4276843,0.9233769873564895
test,1.2044526,2.0315719,0.30876630525349313
