,MAE,MSE,R2
all,0.72178423,1.3408952,0.9091441808480035
train,0.82617795,1.6389966,0.8939596932068868
test,1.0034882,2.903828,0.7228814115768434
