,MAE,MSE,R2
all,1.1355217,2.0440767,0.7267422704577411
train,1.3618646,2.5995693,0.6957120711583586
test,0.38442677,0.25838095,0.5180722085746716
