,MAE,MSE,R2
all,0.7925934,1.2528622,0.8475048229087635
train,0.524535,0.7007316,0.8804962995848764
test,1.8896631,4.222242,-0.31005185024798587
