,MAE,MSE,R2
all,0.8412915,1.9377415,0.9267812340832077
train,0.9690408,2.5260308,0.9144212676192469
test,0.8052494,0.9404067,0.9270309001320585
