,MAE,MSE,R2
all,0.8834711909294128,1.427720546722412,0.914519430068367
train,1.2343738079071045,2.5433316230773926,0.8358781060786509
test,1.5942925214767456,3.7500572204589844,0.48514172696806246
