,MAE,MSE,R2
all,0.65454966,0.9250266,0.9486299446177473
train,0.6618786,0.9956989,0.9474494961900897
test,0.5959051,0.5729692,0.95402511653853
