,MAE,MSE,R2
all,1.7521738,4.4066725,0.7014145490989964
train,1.8066642,5.1357546,0.6677253758391755
test,1.2290062,2.666774,0.7455039640455992
