,MAE,MSE,R2
all,0.3752674460411072,0.3060746192932129,0.9816746812121665
train,0.5102664828300476,0.49533170461654663,0.9680361093545403
test,1.2825223207473755,1.7710721492767334,0.7568433829466945
