,MAE,MSE,R2
all,0.6784498,0.9280904,0.9484597966744075
train,0.6743724,0.9740299,0.9485931314008128
test,0.5292902,0.50569427,0.959423235921427
