,MAE,MSE,R2
all,0.5558148,0.5607118,0.9669861782311602
train,0.520501,0.52613354,0.9722261655168845
test,0.83371305,0.89452267,0.8330452051771194
