,MAE,MSE,R2
all,0.72915107,0.94377625,0.9475887059795265
train,0.66621333,0.68636805,0.9637752048209501
test,0.7390017,0.8482976,0.9319328438257825
