,MAE,MSE,R2
all,0.7978166,1.9303936,0.8863414814821118
train,0.8692517,2.348919,0.8760039521373387
test,1.2425832,2.2780595,0.5748201480044761
