,MAE,MSE,R2
all,1.7303945,4.559214,0.6910786887963226
train,1.7600975,4.922837,0.6815007595551513
test,2.1931858,6.9520116,0.336554511909959
