,MAE,MSE,R2
all,0.5386583209037781,0.4413833022117615,0.9735734706068166
train,0.8261289596557617,0.909880518913269,0.9412851643898336
test,0.5571045279502869,0.46837368607521057,0.9356953526826653
