,MAE,MSE,R2
all,1.2283458,2.2607665,0.8218175504356453
train,1.1945446,2.4012432,0.8176179615250383
test,1.164406,2.1329885,0.79619951724936
