,MAE,MSE,R2
all,0.9321258,1.4960387,0.8820896162507923
train,0.9713126,1.7482818,0.8672124517714507
test,1.0900697,1.6715047,0.8402928901450453
