,MAE,MSE,R2
all,1.0355848,1.925356,0.9294078145314378
train,1.233261,2.4428828,0.9228972965401321
test,1.0158212,1.457037,0.5042493495345324
