,MAE,MSE,R2
all,0.964877,1.5296725,0.8794387663673718
train,0.8946123,1.488628,0.8869339886078197
test,1.0393977,1.4956808,0.8570923028563264
