,MAE,MSE,R2
all,0.5400146842002869,0.8461412191390991,0.9485679065068906
train,0.5407225489616394,0.6620084643363953,0.9598901901955565
test,0.9394751191139221,2.086998462677002,0.8606591572389053
