,MAE,MSE,R2
all,0.7903027,2.0607383,0.9221337246929214
train,0.9408862,2.8154678,0.9046154951905716
test,1.42236,2.3544226,0.8173130038516877
