,MAE,MSE,R2
all,0.710649,1.5097499,0.8977030057978901
train,0.7414208,1.7162175,0.8889636321142913
test,0.8435046,1.0408212,0.9006721852044
