,MAE,MSE,R2
all,0.31138789653778076,0.1493011862039566,0.9923322329040727
train,0.32606741786003113,0.15850120782852173,0.9929225845872561
test,0.23185540735721588,0.10564620047807693,0.9773399460669294
