,MAE,MSE,R2
all,0.60165334,0.89974076,0.9500341534771408
train,0.84175956,1.6094112,0.9150592905020195
test,0.61323947,0.6948126,0.9442484368638968
