,MAE,MSE,R2
all,1.4341497,3.0429003,0.7601736400201868
train,1.1430502,2.4747593,0.812034173757099
test,1.1587986,1.8265184,0.8254818074739814
