,MAE,MSE,R2
all,0.6872924,1.1933664,0.928550685839997
train,0.981623,1.8682449,0.8794416559843594
test,0.9436155,1.2587184,0.8271862028884653
