,MAE,MSE,R2
all,0.47296616435050964,0.6003526449203491,0.9691672642168141
train,0.49663567543029785,0.6915978789329529,0.9691186834687431
test,0.5238661170005798,0.4547828137874603,0.9024536326733619
