,MAE,MSE,R2
all,1.2912372,2.576551,0.8254191599644385
train,1.3419555,3.2256181,0.791307963664257
test,0.7131106,0.7391359,0.9294626617883907
