,MAE,MSE,R2
all,1.0868814,1.7282629,0.7689611269510394
train,1.0921568,1.7120588,0.799598015882895
test,1.100424,1.5274438,-1.8489622278787352
