,MAE,MSE,R2
all,0.80918527,1.2602462,0.9006736249061099
train,0.662422,0.8776211,0.9333418971441135
test,1.4507675,3.1528585,0.6987540995357924
