TransAm,MLP,MLP2,MLP3,LSTM,GRU,RNN
969.844633102417,36.22701382637024,56.48103022575378,88.09750962257385,395.2465169429779,348.77318596839905,136.83959245681763
