TransAm,MLP,MLP2,MLP3,LSTM,GRU,RNN
981.4384152889252,37.624539375305176,57.57105588912964,95.45917296409608,422.9488139152527,344.82245802879333,144.7299063205719
