TransAm,MLP,MLP2,MLP3,LSTM,GRU,RNN
965.7702717781068,31.54748845100403,57.368205070495605,90.09457540512084,411.9181876182556,353.53374123573303,141.95041370391846
