TransAm,MLP,MLP2,MLP3,LSTM,GRU,RNN
613.4481194019318,91.04330682754515,119.44414043426514,157.49039554595947,209.34573101997373,202.19794154167172,191.21191477775574
