TransAm,MLP,MLP2,MLP3,LSTM,GRU,RNN
918.5129771232604,37.356454610824585,55.832759141922,93.90623426437378,413.9586114883423,345.76817202568054,141.20488166809082
