TransAm,MLP,MLP2,MLP3,LSTM,GRU,RNN
1044.0127685070038,30.26067924499512,52.03942370414734,84.59167575836182,377.79454708099365,327.406760931015,130.151841878891
