TransAm,MLP,MLP2,MLP3,LSTM,GRU,RNN
511.7995433807373,156.08466243743896,191.56430745124817,226.8492398262024,312.1195652484894,303.03715729713434,309.12430024147034
