TransAm,MLP,MLP2,LSTM,GRU,RNN,MLP3
1448.6376430988312,30.949519157409668,71.84871363639832,527.4362411499023,374.7083756923676,155.71389389038086,98.61564183235168
