TransAm,MLP,MLP2,MLP3,LSTM,GRU,RNN
537.4942314624786,160.65472412109375,194.01231479644773,227.53406596183777,321.9585084915161,308.3304057121277,325.1700351238251
