TransAm,MLP,MLP2,MLP3,LSTM,GRU,RNN
914.0429532527924,38.86527681350708,57.7060170173645,94.88876366615295,425.7065103054047,358.9190986156464,142.05451345443726
