TransAm,MLP,MLP2,MLP3,LSTM,GRU,RNN
865.9208662509918,31.45347261428833,56.90619874000549,100.56432700157166,402.5057380199432,339.2594850063324,134.81284165382385
